<?xml version="1.0" encoding="UTF-8"?>
<metadata xml:lang="es"><Esri><CreaDate>20190801</CreaDate><CreaTime>16342700</CreaTime><ArcGISFormat>1.0</ArcGISFormat><SyncOnce>TRUE</SyncOnce><DataProperties><lineage><Process ToolSource="c:\program files (x86)\arcgis\desktop10.5\ArcToolbox\Toolboxes\Spatial Analyst Tools.tbx\ExtractByMask" Date="20190801" Time="163427">ExtractByMask "Mapa CF2016_INAB_12Marzo19v1.img" B10Limite_chimaltenango "C:\MAPAS SIG_2019\Trends\Mapa CF2016_INAB_trends.tif"</Process></lineage></DataProperties></Esri></metadata>
