<?xml version="1.0" encoding="UTF-8"?>
<metadata xml:lang="es"><Esri><CreaDate>20190801</CreaDate><CreaTime>16345200</CreaTime><ArcGISFormat>1.0</ArcGISFormat><SyncOnce>TRUE</SyncOnce><DataProperties><lineage><Process ToolSource="c:\program files (x86)\arcgis\desktop10.5\ArcToolbox\Toolboxes\Spatial Analyst Tools.tbx\ExtractByMask" Date="20190801" Time="163452">ExtractByMask mapacf2006_uvg_26marzo19_v6.img B10Limite_chimaltenango "C:\MAPAS SIG_2019\Trends\Mapa CF2006_INAB_trends.tif"</Process></lineage></DataProperties></Esri></metadata>
