<?xml version="1.0" encoding="UTF-8"?>
<metadata xml:lang="en"><Esri><CreaDate>20200806</CreaDate><CreaTime>19271500</CreaTime><ArcGISFormat>1.0</ArcGISFormat><SyncOnce>TRUE</SyncOnce><DataProperties><lineage><Process ToolSource="c:\program files (x86)\arcgis\desktop10.5\ArcToolbox\Toolboxes\Data Management Tools.tbx\CalculateField" Date="20200806" Time="192715">CalculateField dinamica_06_16_gtm_corrección_borde.img Dinam06_16 "Bosque Estable" VB #</Process><Process ToolSource="c:\program files (x86)\arcgis\desktop10.5\ArcToolbox\Toolboxes\Data Management Tools.tbx\CalculateField" Date="20200806" Time="192804">CalculateField dinamica_06_16_gtm_corrección_borde.img Dinam06_16 "No Bosque Estable" VB #</Process><Process ToolSource="c:\program files (x86)\arcgis\desktop10.5\ArcToolbox\Toolboxes\Data Management Tools.tbx\CalculateField" Date="20200806" Time="192852">CalculateField dinamica_06_16_gtm_corrección_borde.img Dinam06_16 "Cuerpos de Agua" VB #</Process><Process ToolSource="c:\program files (x86)\arcgis\desktop10.5\ArcToolbox\Toolboxes\Data Management Tools.tbx\CalculateField" Date="20200806" Time="192921">CalculateField dinamica_06_16_gtm_corrección_borde.img Dinam06_16 "Urbano" VB #</Process><Process ToolSource="c:\program files (x86)\arcgis\desktop10.5\ArcToolbox\Toolboxes\Data Management Tools.tbx\CalculateField" Date="20200806" Time="192953">CalculateField dinamica_06_16_gtm_corrección_borde.img Dinam06_16 "Pérdida de Bosque" VB #</Process><Process ToolSource="c:\program files (x86)\arcgis\desktop10.5\ArcToolbox\Toolboxes\Data Management Tools.tbx\CalculateField" Date="20200806" Time="193029">CalculateField dinamica_06_16_gtm_corrección_borde.img Dinam06_16 "Ganancia de Bosque" VB #</Process></lineage></DataProperties></Esri></metadata>
