<?xml version="1.0" encoding="UTF-8"?>
<metadata xml:lang="es"><Esri><CreaDate>20200629</CreaDate><CreaTime>13422000</CreaTime><ArcGISFormat>1.0</ArcGISFormat><SyncOnce>FALSE</SyncOnce><DataProperties><lineage><Process ToolSource="c:\program files (x86)\arcgis\desktop10.3\ArcToolbox\Toolboxes\Data Management Tools.tbx\CalculateField" Date="20200117" Time="065439">CalculateField 1_puntos_cambio_collect_def_claudia_160120 CLAS_CAMBI 2 VB #</Process><Process ToolSource="c:\program files (x86)\arcgis\desktop10.3\ArcToolbox\Toolboxes\Data Management Tools.tbx\CalculateField" Date="20200117" Time="065459">CalculateField 1_puntos_cambio_collect_def_claudia_160120 CLAS_CAMBI 1 VB #</Process><Process ToolSource="c:\program files (x86)\arcgis\desktop10.3\ArcToolbox\Toolboxes\Data Management Tools.tbx\CalculateField" Date="20200117" Time="065911">CalculateField 1_puntos_cambio_collect_def_claudia_160120 CLAS_CAMBI 1 VB #</Process><Process ToolSource="c:\program files (x86)\arcgis\desktop10.3\ArcToolbox\Toolboxes\Data Management Tools.tbx\CalculateField" Date="20200117" Time="070820">CalculateField 1_puntos_cambio_collect_def_claudia_160120 CLAS_CAMBI 1 VB #</Process><Process ToolSource="c:\program files (x86)\arcgis\desktop10.3\ArcToolbox\Toolboxes\Data Management Tools.tbx\CalculateField" Date="20200117" Time="071648">CalculateField 1_puntos_cambio_collect_def_claudia_160120 CLAS_CAMBI 1 VB #</Process><Process ToolSource="c:\program files (x86)\arcgis\desktop10.3\ArcToolbox\Toolboxes\Data Management Tools.tbx\CalculateField" Date="20200117" Time="073858">CalculateField 1_puntos_cambio_collect_def_claudia_160120 CLAS_CAMBI 2 VB #</Process><Process ToolSource="c:\program files (x86)\arcgis\desktop10.3\ArcToolbox\Toolboxes\Data Management Tools.tbx\CalculateField" Date="20200117" Time="074059">CalculateField 1_puntos_cambio_collect_def_claudia_160120 CLAS_CAMBI 2 VB #</Process><Process ToolSource="c:\program files (x86)\arcgis\desktop10.3\ArcToolbox\Toolboxes\Data Management Tools.tbx\CalculateField" Date="20200117" Time="074614">CalculateField 1_puntos_cambio_collect_def_claudia_160120 CLAS_CAMBI 2 VB #</Process><Process ToolSource="c:\program files (x86)\arcgis\desktop10.3\ArcToolbox\Toolboxes\Data Management Tools.tbx\CalculateField" Date="20200117" Time="075005">CalculateField 1_puntos_cambio_collect_def_claudia_160120 CLAS_CAMBI 1 VB #</Process><Process ToolSource="c:\program files (x86)\arcgis\desktop10.3\ArcToolbox\Toolboxes\Data Management Tools.tbx\CalculateField" Date="20200117" Time="075201">CalculateField 1_puntos_cambio_collect_def_claudia_160120 CLAS_CAMBI 2 VB #</Process><Process ToolSource="c:\program files (x86)\arcgis\desktop10.3\ArcToolbox\Toolboxes\Data Management Tools.tbx\CalculateField" Date="20200117" Time="084238">CalculateField 1_puntos_cambio_collect_def_claudia_160120 CLAS_CAMBI 1 VB #</Process><Process ToolSource="c:\program files (x86)\arcgis\desktop10.3\ArcToolbox\Toolboxes\Data Management Tools.tbx\CalculateField" Date="20200117" Time="084517">CalculateField 1_puntos_cambio_collect_def_claudia_160120 CLAS_CAMBI 1 VB #</Process><Process ToolSource="c:\program files (x86)\arcgis\desktop10.3\ArcToolbox\Toolboxes\Data Management Tools.tbx\CalculateField" Date="20200117" Time="084740">CalculateField 1_puntos_cambio_collect_def_claudia_160120 CLAS_CAMBI 1 VB #</Process><Process ToolSource="c:\program files (x86)\arcgis\desktop10.3\ArcToolbox\Toolboxes\Data Management Tools.tbx\CalculateField" Date="20200117" Time="093444">CalculateField 1_puntos_cambio_collect_def_claudia_160120 CLAS_CAMBI 1 VB #</Process><Process ToolSource="c:\program files (x86)\arcgis\desktop10.3\ArcToolbox\Toolboxes\Data Management Tools.tbx\CalculateField" Date="20200117" Time="093911">CalculateField 1_puntos_cambio_collect_def_claudia_160120 CLAS_CAMBI 1 VB #</Process><Process ToolSource="c:\program files (x86)\arcgis\desktop10.3\ArcToolbox\Toolboxes\Data Management Tools.tbx\CalculateField" Date="20200117" Time="094115">CalculateField 1_puntos_cambio_collect_def_claudia_160120 CLAS_CAMBI 1 VB #</Process><Process ToolSource="c:\program files (x86)\arcgis\desktop10.3\ArcToolbox\Toolboxes\Data Management Tools.tbx\CalculateField" Date="20200117" Time="094443">CalculateField 1_puntos_cambio_collect_def_claudia_160120 CLAS_CAMBI 2 VB #</Process><Process ToolSource="c:\program files (x86)\arcgis\desktop10.3\ArcToolbox\Toolboxes\Data Management Tools.tbx\CalculateField" Date="20200117" Time="094844">CalculateField 1_puntos_cambio_collect_def_claudia_160120 CLAS_CAMBI 1 VB #</Process><Process ToolSource="c:\program files (x86)\arcgis\desktop10.3\ArcToolbox\Toolboxes\Data Management Tools.tbx\CalculateField" Date="20200117" Time="095147">CalculateField 1_puntos_cambio_collect_def_claudia_160120 CLAS_CAMBI 1 VB #</Process><Process ToolSource="c:\program files (x86)\arcgis\desktop10.3\ArcToolbox\Toolboxes\Data Management Tools.tbx\CalculateField" Date="20200117" Time="100232">CalculateField 1_puntos_cambio_collect_def_claudia_160120 CLAS_CAMBI 1 VB #</Process><Process ToolSource="c:\program files (x86)\arcgis\desktop10.3\ArcToolbox\Toolboxes\Data Management Tools.tbx\CalculateField" Date="20200117" Time="100522">CalculateField 1_puntos_cambio_collect_def_claudia_160120 CLAS_CAMBI 2 VB #</Process><Process ToolSource="c:\program files (x86)\arcgis\desktop10.3\ArcToolbox\Toolboxes\Data Management Tools.tbx\CalculateField" Date="20200117" Time="101644">CalculateField 1_puntos_cambio_collect_def_claudia_160120 CLAS_CAMBI 1 VB #</Process><Process ToolSource="c:\program files (x86)\arcgis\desktop10.3\ArcToolbox\Toolboxes\Data Management Tools.tbx\CalculateField" Date="20200117" Time="102728">CalculateField 1_puntos_cambio_collect_def_claudia_160120 CLAS_CAMBI 1 VB #</Process><Process ToolSource="c:\program files (x86)\arcgis\desktop10.3\ArcToolbox\Toolboxes\Data Management Tools.tbx\CalculateField" Date="20200117" Time="104705">CalculateField 1_puntos_cambio_collect_def_claudia_160120 CLAS_CAMBI 1 VB #</Process><Process ToolSource="c:\program files (x86)\arcgis\desktop10.3\ArcToolbox\Toolboxes\Data Management Tools.tbx\CalculateField" Date="20200117" Time="110141">CalculateField 1_puntos_cambio_collect_def_claudia_160120 CLAS_CAMBI 1 VB #</Process><Process ToolSource="c:\program files (x86)\arcgis\desktop10.3\ArcToolbox\Toolboxes\Data Management Tools.tbx\CalculateField" Date="20200117" Time="111213">CalculateField 1_puntos_cambio_collect_def_claudia_160120 CLAS_CAMBI 1 VB #</Process><Process ToolSource="c:\program files (x86)\arcgis\desktop10.3\ArcToolbox\Toolboxes\Data Management Tools.tbx\CalculateField" Date="20200117" Time="121405">CalculateField 1_puntos_cambio_collect_def_claudia_160120 CLAS_CAMBI 1 VB #</Process><Process ToolSource="c:\program files (x86)\arcgis\desktop10.3\ArcToolbox\Toolboxes\Data Management Tools.tbx\CalculateField" Date="20200117" Time="121549">CalculateField 1_puntos_cambio_collect_def_claudia_160120 CLAS_CAMBI 1 VB #</Process><Process ToolSource="c:\program files (x86)\arcgis\desktop10.3\ArcToolbox\Toolboxes\Data Management Tools.tbx\CalculateField" Date="20200117" Time="121918">CalculateField 1_puntos_cambio_collect_def_claudia_160120 CLAS_CAMBI 1 VB #</Process><Process ToolSource="c:\program files (x86)\arcgis\desktop10.3\ArcToolbox\Toolboxes\Data Management Tools.tbx\CalculateField" Date="20200117" Time="122507">CalculateField 1_puntos_cambio_collect_def_claudia_160120 CLAS_CAMBI 1 VB #</Process><Process ToolSource="c:\program files (x86)\arcgis\desktop10.3\ArcToolbox\Toolboxes\Data Management Tools.tbx\CalculateField" Date="20200117" Time="140958">CalculateField 1_puntos_cambio_collect_def_claudia_160120 CLAS_CAMBI 1 VB #</Process><Process ToolSource="c:\program files (x86)\arcgis\desktop10.3\ArcToolbox\Toolboxes\Data Management Tools.tbx\CalculateField" Date="20200117" Time="141641">CalculateField 1_puntos_cambio_collect_def_claudia_160120 CLAS_CAMBI 2 VB #</Process><Process ToolSource="c:\program files (x86)\arcgis\desktop10.3\ArcToolbox\Toolboxes\Data Management Tools.tbx\CalculateField" Date="20200117" Time="142013">CalculateField 1_puntos_cambio_collect_def_claudia_160120 CLAS_CAMBI 1 VB #</Process><Process ToolSource="c:\program files (x86)\arcgis\desktop10.3\ArcToolbox\Toolboxes\Data Management Tools.tbx\CalculateField" Date="20200117" Time="142055">CalculateField 1_puntos_cambio_collect_def_claudia_160120 CLAS_CAMBI 3 VB #</Process><Process ToolSource="c:\program files (x86)\arcgis\desktop10.3\ArcToolbox\Toolboxes\Data Management Tools.tbx\CalculateField" Date="20200120" Time="065714">CalculateField 1_puntos_cambio_collect_def_claudia_160120 CLAS_CAMBI 1 VB #</Process><Process ToolSource="c:\program files (x86)\arcgis\desktop10.3\ArcToolbox\Toolboxes\Data Management Tools.tbx\CalculateField" Date="20200120" Time="072726">CalculateField 1_puntos_cambio_collect_def_claudia_160120 CLAS_CAMBI 1 VB #</Process><Process ToolSource="c:\program files (x86)\arcgis\desktop10.3\ArcToolbox\Toolboxes\Data Management Tools.tbx\CalculateField" Date="20200120" Time="072844">CalculateField 1_puntos_cambio_collect_def_claudia_160120 CLAS_CAMBI 1 VB #</Process><Process ToolSource="c:\program files (x86)\arcgis\desktop10.3\ArcToolbox\Toolboxes\Data Management Tools.tbx\CalculateField" Date="20200120" Time="074206">CalculateField 1_puntos_cambio_collect_def_claudia_160120 CLAS_CAMBI 1 VB #</Process><Process ToolSource="c:\program files (x86)\arcgis\desktop10.3\ArcToolbox\Toolboxes\Data Management Tools.tbx\CalculateField" Date="20200120" Time="074726">CalculateField 1_puntos_cambio_collect_def_claudia_160120 CLAS_CAMBI 1 VB #</Process><Process ToolSource="c:\program files (x86)\arcgis\desktop10.3\ArcToolbox\Toolboxes\Data Management Tools.tbx\CalculateField" Date="20200120" Time="075248">CalculateField 1_puntos_cambio_collect_def_claudia_160120 CLAS_CAMBI 1 VB #</Process><Process ToolSource="c:\program files (x86)\arcgis\desktop10.3\ArcToolbox\Toolboxes\Data Management Tools.tbx\CalculateField" Date="20200120" Time="075916">CalculateField 1_puntos_cambio_collect_def_claudia_160120 CLAS_CAMBI 1 VB #</Process><Process ToolSource="c:\program files (x86)\arcgis\desktop10.3\ArcToolbox\Toolboxes\Data Management Tools.tbx\CalculateField" Date="20200120" Time="080854">CalculateField 1_puntos_cambio_collect_def_claudia_160120 CLAS_CAMBI 1 VB #</Process><Process ToolSource="c:\program files (x86)\arcgis\desktop10.3\ArcToolbox\Toolboxes\Data Management Tools.tbx\CalculateField" Date="20200120" Time="090520">CalculateField 1_puntos_cambio_collect_def_claudia_160120 CLAS_CAMBI 1 VB #</Process><Process ToolSource="c:\program files (x86)\arcgis\desktop10.3\ArcToolbox\Toolboxes\Data Management Tools.tbx\CalculateField" Date="20200120" Time="090835">CalculateField 1_puntos_cambio_collect_def_claudia_160120 CLAS_CAMBI 1 VB #</Process><Process ToolSource="c:\program files (x86)\arcgis\desktop10.3\ArcToolbox\Toolboxes\Data Management Tools.tbx\CalculateField" Date="20200120" Time="092027">CalculateField 1_puntos_cambio_collect_def_claudia_160120 CLAS_CAMBI 1 VB #</Process><Process ToolSource="c:\program files (x86)\arcgis\desktop10.3\ArcToolbox\Toolboxes\Data Management Tools.tbx\CalculateField" Date="20200120" Time="092311">CalculateField 1_puntos_cambio_collect_def_claudia_160120 CLAS_CAMBI 1 VB #</Process><Process ToolSource="c:\program files (x86)\arcgis\desktop10.3\ArcToolbox\Toolboxes\Data Management Tools.tbx\CalculateField" Date="20200120" Time="093744">CalculateField 1_puntos_cambio_collect_def_claudia_160120 CLAS_CAMBI 1 VB #</Process><Process ToolSource="c:\program files (x86)\arcgis\desktop10.3\ArcToolbox\Toolboxes\Data Management Tools.tbx\CalculateField" Date="20200120" Time="094526">CalculateField 1_puntos_cambio_collect_def_claudia_160120 CLAS_CAMBI 1 VB #</Process><Process ToolSource="c:\program files (x86)\arcgis\desktop10.3\ArcToolbox\Toolboxes\Data Management Tools.tbx\CalculateField" Date="20200120" Time="100329">CalculateField 1_puntos_cambio_collect_def_claudia_160120 CLAS_CAMBI 1 VB #</Process><Process ToolSource="c:\program files (x86)\arcgis\desktop10.3\ArcToolbox\Toolboxes\Data Management Tools.tbx\CalculateField" Date="20200120" Time="100900">CalculateField 1_puntos_cambio_collect_def_claudia_160120 CLAS_CAMBI 1 VB #</Process><Process ToolSource="c:\program files (x86)\arcgis\desktop10.3\ArcToolbox\Toolboxes\Data Management Tools.tbx\CalculateField" Date="20200120" Time="101632">CalculateField 1_puntos_cambio_collect_def_claudia_160120 CLAS_CAMBI 1 VB #</Process><Process ToolSource="c:\program files (x86)\arcgis\desktop10.3\ArcToolbox\Toolboxes\Data Management Tools.tbx\CalculateField" Date="20200120" Time="101719">CalculateField 1_puntos_cambio_collect_def_claudia_160120 CLAS_CAMBI 1 VB #</Process><Process ToolSource="c:\program files (x86)\arcgis\desktop10.3\ArcToolbox\Toolboxes\Data Management Tools.tbx\CalculateField" Date="20200120" Time="102541">CalculateField 1_puntos_cambio_collect_def_claudia_160120 CLAS_CAMBI 1 VB #</Process><Process ToolSource="c:\program files (x86)\arcgis\desktop10.3\ArcToolbox\Toolboxes\Data Management Tools.tbx\CalculateField" Date="20200120" Time="102753">CalculateField 1_puntos_cambio_collect_def_claudia_160120 CLAS_CAMBI 1 VB #</Process><Process ToolSource="c:\program files (x86)\arcgis\desktop10.3\ArcToolbox\Toolboxes\Data Management Tools.tbx\CalculateField" Date="20200120" Time="103342">CalculateField 1_puntos_cambio_collect_def_claudia_160120 CLAS_CAMBI 1 VB #</Process><Process ToolSource="c:\program files (x86)\arcgis\desktop10.3\ArcToolbox\Toolboxes\Data Management Tools.tbx\CalculateField" Date="20200120" Time="110115">CalculateField 1_puntos_cambio_collect_def_claudia_160120 CLAS_CAMBI 2 VB #</Process><Process ToolSource="c:\program files (x86)\arcgis\desktop10.3\ArcToolbox\Toolboxes\Data Management Tools.tbx\CalculateField" Date="20200120" Time="110200">CalculateField 1_puntos_cambio_collect_def_claudia_160120 CLAS_CAMBI 1 VB #</Process><Process ToolSource="c:\program files (x86)\arcgis\desktop10.3\ArcToolbox\Toolboxes\Data Management Tools.tbx\CalculateField" Date="20200120" Time="110251">CalculateField 1_puntos_cambio_collect_def_claudia_160120 CLAS_CAMBI 1 VB #</Process><Process ToolSource="c:\program files (x86)\arcgis\desktop10.3\ArcToolbox\Toolboxes\Data Management Tools.tbx\CalculateField" Date="20200120" Time="110425">CalculateField 1_puntos_cambio_collect_def_claudia_160120 CLAS_CAMBI 1 VB #</Process><Process ToolSource="c:\program files (x86)\arcgis\desktop10.3\ArcToolbox\Toolboxes\Data Management Tools.tbx\CalculateField" Date="20200120" Time="112431">CalculateField 1_puntos_cambio_collect_def_claudia_160120 CLAS_CAMBI 1 VB #</Process><Process ToolSource="c:\program files (x86)\arcgis\desktop10.3\ArcToolbox\Toolboxes\Data Management Tools.tbx\CalculateField" Date="20200120" Time="112609">CalculateField 1_puntos_cambio_collect_def_claudia_160120 CLAS_CAMBI 3 VB #</Process><Process ToolSource="c:\program files (x86)\arcgis\desktop10.3\ArcToolbox\Toolboxes\Data Management Tools.tbx\CalculateField" Date="20200120" Time="113107">CalculateField 1_puntos_cambio_collect_def_claudia_160120 CLAS_CAMBI 1 VB #</Process><Process ToolSource="c:\program files (x86)\arcgis\desktop10.3\ArcToolbox\Toolboxes\Data Management Tools.tbx\CalculateField" Date="20200120" Time="114046">CalculateField 1_puntos_cambio_collect_def_claudia_160120 CLAS_CAMBI 1 VB #</Process><Process ToolSource="c:\program files (x86)\arcgis\desktop10.3\ArcToolbox\Toolboxes\Data Management Tools.tbx\CalculateField" Date="20200120" Time="114059">CalculateField 1_puntos_cambio_collect_def_claudia_160120 CLAS_CAMBI 3 VB #</Process><Process ToolSource="c:\program files (x86)\arcgis\desktop10.3\ArcToolbox\Toolboxes\Data Management Tools.tbx\CalculateField" Date="20200120" Time="114218">CalculateField 1_puntos_cambio_collect_def_claudia_160120 CLAS_CAMBI 1 VB #</Process><Process ToolSource="c:\program files (x86)\arcgis\desktop10.3\ArcToolbox\Toolboxes\Data Management Tools.tbx\CalculateField" Date="20200120" Time="114235">CalculateField 1_puntos_cambio_collect_def_claudia_160120 CLAS_CAMBI 1 VB #</Process><Process ToolSource="c:\program files (x86)\arcgis\desktop10.3\ArcToolbox\Toolboxes\Data Management Tools.tbx\CalculateField" Date="20200120" Time="132532">CalculateField 1_puntos_cambio_collect_def_claudia_160120 CLAS_CAMBI 1 VB #</Process><Process ToolSource="c:\program files (x86)\arcgis\desktop10.3\ArcToolbox\Toolboxes\Data Management Tools.tbx\CalculateField" Date="20200121" Time="124024">CalculateField 1_puntos_cambio_collect_def_claudia_160120 CLAS_CAMBI 1 VB #</Process><Process ToolSource="c:\program files (x86)\arcgis\desktop10.3\ArcToolbox\Toolboxes\Data Management Tools.tbx\CalculateField" Date="20200121" Time="124234">CalculateField 1_puntos_cambio_collect_def_claudia_160120 CLAS_CAMBI 1 VB #</Process><Process ToolSource="c:\program files (x86)\arcgis\desktop10.3\ArcToolbox\Toolboxes\Data Management Tools.tbx\CalculateField" Date="20200121" Time="124603">CalculateField 1_puntos_cambio_collect_def_claudia_160120 CLAS_CAMBI 3 VB #</Process><Process ToolSource="c:\program files (x86)\arcgis\desktop10.3\ArcToolbox\Toolboxes\Data Management Tools.tbx\CalculateField" Date="20200121" Time="125306">CalculateField 1_puntos_cambio_collect_def_claudia_160120 CLAS_CAMBI 1 VB #</Process><Process ToolSource="c:\program files (x86)\arcgis\desktop10.3\ArcToolbox\Toolboxes\Data Management Tools.tbx\CalculateField" Date="20200121" Time="125346">CalculateField 1_puntos_cambio_collect_def_claudia_160120 CLAS_CAMBI 2 VB #</Process><Process ToolSource="c:\program files (x86)\arcgis\desktop10.3\ArcToolbox\Toolboxes\Data Management Tools.tbx\CalculateField" Date="20200121" Time="125620">CalculateField 1_puntos_cambio_collect_def_claudia_160120 CLAS_CAMBI 1 VB #</Process><Process ToolSource="c:\program files (x86)\arcgis\desktop10.3\ArcToolbox\Toolboxes\Data Management Tools.tbx\CalculateField" Date="20200121" Time="130102">CalculateField 1_puntos_cambio_collect_def_claudia_160120 CLAS_CAMBI 1 VB #</Process><Process ToolSource="c:\program files (x86)\arcgis\desktop10.3\ArcToolbox\Toolboxes\Data Management Tools.tbx\CalculateField" Date="20200121" Time="131836">CalculateField 1_puntos_cambio_collect_def_claudia_160120 CLAS_CAMBI 3 VB #</Process><Process ToolSource="c:\program files (x86)\arcgis\desktop10.3\ArcToolbox\Toolboxes\Data Management Tools.tbx\CalculateField" Date="20200121" Time="132506">CalculateField 1_puntos_cambio_collect_def_claudia_160120 CLAS_CAMBI 1 VB #</Process><Process ToolSource="c:\program files (x86)\arcgis\desktop10.3\ArcToolbox\Toolboxes\Data Management Tools.tbx\CalculateField" Date="20200121" Time="133206">CalculateField 1_puntos_cambio_collect_def_claudia_160120 CLAS_CAMBI 1 VB #</Process><Process ToolSource="c:\program files (x86)\arcgis\desktop10.3\ArcToolbox\Toolboxes\Data Management Tools.tbx\CalculateField" Date="20200121" Time="133617">CalculateField 1_puntos_cambio_collect_def_claudia_160120 CLAS_CAMBI 1 VB #</Process><Process ToolSource="c:\program files (x86)\arcgis\desktop10.3\ArcToolbox\Toolboxes\Data Management Tools.tbx\CalculateField" Date="20200121" Time="155441">CalculateField 1_puntos_cambio_collect_def_claudia_160120 CLAS_CAMBI 1 VB #</Process><Process ToolSource="c:\program files (x86)\arcgis\desktop10.3\ArcToolbox\Toolboxes\Data Management Tools.tbx\CalculateField" Date="20200121" Time="155733">CalculateField 1_puntos_cambio_collect_def_claudia_160120 CLAS_CAMBI 1 VB #</Process><Process ToolSource="c:\program files (x86)\arcgis\desktop10.3\ArcToolbox\Toolboxes\Data Management Tools.tbx\CalculateField" Date="20200121" Time="160224">CalculateField 1_puntos_cambio_collect_def_claudia_160120 CLAS_CAMBI 1 VB #</Process><Process ToolSource="c:\program files (x86)\arcgis\desktop10.3\ArcToolbox\Toolboxes\Data Management Tools.tbx\CalculateField" Date="20200121" Time="160729">CalculateField 1_puntos_cambio_collect_def_claudia_160120 CLAS_CAMBI 2 VB #</Process><Process ToolSource="c:\program files (x86)\arcgis\desktop10.3\ArcToolbox\Toolboxes\Data Management Tools.tbx\CalculateField" Date="20200121" Time="161116">CalculateField 1_puntos_cambio_collect_def_claudia_160120 CLAS_CAMBI 1 VB #</Process><Process ToolSource="c:\program files (x86)\arcgis\desktop10.3\ArcToolbox\Toolboxes\Data Management Tools.tbx\CalculateField" Date="20200121" Time="161628">CalculateField 1_puntos_cambio_collect_def_claudia_160120 CLAS_CAMBI 1 VB #</Process><Process ToolSource="c:\program files (x86)\arcgis\desktop10.3\ArcToolbox\Toolboxes\Data Management Tools.tbx\CalculateField" Date="20200121" Time="161840">CalculateField 1_puntos_cambio_collect_def_claudia_160120 CLAS_CAMBI 1 VB #</Process><Process ToolSource="c:\program files (x86)\arcgis\desktop10.3\ArcToolbox\Toolboxes\Data Management Tools.tbx\CalculateField" Date="20200121" Time="162328">CalculateField 1_puntos_cambio_collect_def_claudia_160120 CLAS_CAMBI 1 VB #</Process><Process ToolSource="c:\program files (x86)\arcgis\desktop10.3\ArcToolbox\Toolboxes\Data Management Tools.tbx\CalculateField" Date="20200121" Time="163205">CalculateField 1_puntos_cambio_collect_def_claudia_160120 CLAS_CAMBI 1 VB #</Process><Process ToolSource="c:\program files (x86)\arcgis\desktop10.3\ArcToolbox\Toolboxes\Data Management Tools.tbx\CalculateField" Date="20200121" Time="163910">CalculateField 1_puntos_cambio_collect_def_claudia_160120 CLAS_CAMBI 1 VB #</Process><Process ToolSource="c:\program files (x86)\arcgis\desktop10.3\ArcToolbox\Toolboxes\Data Management Tools.tbx\CalculateField" Date="20200121" Time="164005">CalculateField 1_puntos_cambio_collect_def_claudia_160120 CLAS_CAMBI 1 VB #</Process><Process ToolSource="c:\program files (x86)\arcgis\desktop10.3\ArcToolbox\Toolboxes\Data Management Tools.tbx\CalculateField" Date="20200121" Time="164403">CalculateField 1_puntos_cambio_collect_def_claudia_160120 CLAS_CAMBI 1 VB #</Process><Process ToolSource="c:\program files (x86)\arcgis\desktop10.3\ArcToolbox\Toolboxes\Data Management Tools.tbx\CalculateField" Date="20200121" Time="165303">CalculateField 1_puntos_cambio_collect_def_claudia_160120 CLAS_CAMBI 1 VB #</Process><Process ToolSource="c:\program files (x86)\arcgis\desktop10.3\ArcToolbox\Toolboxes\Data Management Tools.tbx\CalculateField" Date="20200121" Time="165827">CalculateField 1_puntos_cambio_collect_def_claudia_160120 CLAS_CAMBI 1 VB #</Process><Process ToolSource="c:\program files (x86)\arcgis\desktop10.3\ArcToolbox\Toolboxes\Data Management Tools.tbx\CalculateField" Date="20200121" Time="171929">CalculateField 1_puntos_cambio_collect_def_claudia_160120 CLAS_CAMBI 1 VB #</Process><Process ToolSource="c:\program files (x86)\arcgis\desktop10.3\ArcToolbox\Toolboxes\Data Management Tools.tbx\CalculateField" Date="20200121" Time="172351">CalculateField 1_puntos_cambio_collect_def_claudia_160120 CLAS_CAMBI 1 VB #</Process><Process ToolSource="c:\program files (x86)\arcgis\desktop10.3\ArcToolbox\Toolboxes\Data Management Tools.tbx\CalculateField" Date="20200121" Time="172409">CalculateField 1_puntos_cambio_collect_def_claudia_160120 CLAS_CAMBI 3 VB #</Process><Process ToolSource="c:\program files (x86)\arcgis\desktop10.3\ArcToolbox\Toolboxes\Data Management Tools.tbx\CalculateField" Date="20200123" Time="093431">CalculateField 1_puntos_cambio_collect_def_claudia_160120 CLAS_CAMBI 1 VB #</Process><Process ToolSource="c:\program files (x86)\arcgis\desktop10.3\ArcToolbox\Toolboxes\Data Management Tools.tbx\CalculateField" Date="20200131" Time="113459">CalculateField 1_puntos_cambio_collect_def_claudia_160120 RESPONSABL "claudia" VB #</Process><Process ToolSource="c:\program files (x86)\arcgis\desktop10.3\ArcToolbox\Toolboxes\Data Management Tools.tbx\Merge" Date="20200131" Time="114613">Merge 1_puntos_cambio_collect_def_claudia_160120;1_puntos_cambio_Oscar_17ene20;1_puntos_cambios_Collect_DEF_Ulises_310120;1_poligonos_cambios_COLLECT_DEF_rene_240120;2_puntos_cambios_collect_DEF_DEG_Ulises_310120;2_puntos_degradacion_ganancia_collect_claudia_no_310120;2_puntos_degradacion_ganancia_collect_oscar_24ene20;2_puntos_cambio_collect_degradacion_RENE_270120 C:\REDD+_2019\4_REQUERIMIENTOS_V_REDD+\54_UNIR_SHP_4TEC_310120\ENTREGA_310120\V1_F1_F2_avance_2006_2016_guatemala_310120.shp "Id "Id" true true false 6 Long 0 6 ,First,#,1_puntos_cambio_collect_def_claudia_160120,Id,-1,-1,1_puntos_cambio_Oscar_17ene20,Id,-1,-1,1_puntos_cambios_Collect_DEF_Ulises_310120,Id,-1,-1,1_poligonos_cambios_COLLECT_DEF_rene_240120,Id,-1,-1,2_puntos_cambios_collect_DEF_DEG_Ulises_310120,Id,-1,-1,2_puntos_degradacion_ganancia_collect_claudia_no_310120,Id,-1,-1,2_puntos_cambio_collect_degradacion_RENE_270120,Id,-1,-1;CLAS_CAMBI "CLAS_CAMBI" true true false 5 Short 0 5 ,First,#,1_puntos_cambio_collect_def_claudia_160120,CLAS_CAMBI,-1,-1,1_puntos_cambio_Oscar_17ene20,Clas_cambi,-1,-1,1_puntos_cambios_Collect_DEF_Ulises_310120,CLAS_CAMBI,-1,-1,1_poligonos_cambios_COLLECT_DEF_rene_240120,CLAS_CAMBI,-1,-1,2_puntos_cambios_collect_DEF_DEG_Ulises_310120,CLAS_CAMBI,-1,-1,2_puntos_degradacion_ganancia_collect_claudia_no_310120,CLAS_CAMBI,-1,-1,2_puntos_degradacion_ganancia_collect_oscar_24ene20,Clas_Cambi,-1,-1,2_puntos_cambio_collect_degradacion_RENE_270120,CLAS_CAMBI,-1,-1;OBSERVACIO "OBSERVACIO" true true false 200 Text 0 0 ,First,#,1_puntos_cambio_collect_def_claudia_160120,OBSERVACIO,-1,-1,1_puntos_cambio_Oscar_17ene20,Observacio,-1,-1,1_puntos_cambios_Collect_DEF_Ulises_310120,OBSERVACIO,-1,-1,2_puntos_cambios_collect_DEF_DEG_Ulises_310120,OBSERVACIO,-1,-1,2_puntos_degradacion_ganancia_collect_claudia_no_310120,OBSERVACIO,-1,-1,2_puntos_degradacion_ganancia_collect_oscar_24ene20,Observacio,-1,-1,2_puntos_cambio_collect_degradacion_RENE_270120,OBSERVACIO,-1,-1;RESPONSABL "RESPONSABL" true true false 50 Text 0 0 ,First,#,1_puntos_cambio_collect_def_claudia_160120,RESPONSABL,-1,-1,1_puntos_cambio_Oscar_17ene20,responsabl,-1,-1,1_puntos_cambios_Collect_DEF_Ulises_310120,RESPONSABL,-1,-1,1_poligonos_cambios_COLLECT_DEF_rene_240120,Responsabl,-1,-1,2_puntos_cambios_collect_DEF_DEG_Ulises_310120,RESPONSABL,-1,-1,2_puntos_degradacion_ganancia_collect_claudia_no_310120,RESPONSABL,-1,-1,2_puntos_degradacion_ganancia_collect_oscar_24ene20,RESPONSABL,-1,-1,2_puntos_cambio_collect_degradacion_RENE_270120,RESPONSABL,-1,-1;OBSERVA "OBSERVA" true true false 100 Text 0 0 ,First,#,1_poligonos_cambios_COLLECT_DEF_rene_240120,OBSERVA,-1,-1"</Process><Process ToolSource="c:\program files (x86)\arcgis\desktop10.3\ArcToolbox\Toolboxes\Data Management Tools.tbx\CalculateField" Date="20200629" Time="094356">CalculateField V1_F1_F2_avance_2006_2016_guatemala_310120 CATEGORIA "Perdida" VB #</Process><Process ToolSource="c:\program files (x86)\arcgis\desktop10.3\ArcToolbox\Toolboxes\Data Management Tools.tbx\CalculateField" Date="20200629" Time="094433">CalculateField V1_F1_F2_avance_2006_2016_guatemala_310120 CATEGORIA "Ganancia" VB #</Process><Process ToolSource="c:\program files (x86)\arcgis\desktop10.3\ArcToolbox\Toolboxes\Data Management Tools.tbx\CalculateField" Date="20200629" Time="094457">CalculateField V1_F1_F2_avance_2006_2016_guatemala_310120 CATEGORIA "Degradación" VB #</Process><Process ToolSource="c:\program files (x86)\arcgis\desktop10.3\ArcToolbox\Toolboxes\Data Management Tools.tbx\CalculateField" Date="20200629" Time="094628">CalculateField V1_F1_F2_avance_2006_2016_guatemala_310120 Fuente "Muestreo Collect" VB #</Process><Process ToolSource="c:\program files (x86)\arcgis\desktop10.3\ArcToolbox\Toolboxes\Data Management Tools.tbx\Merge" Date="20200629" Time="095405">Merge V1_F1_F2_avance_2006_2016_guatemala_310120;Muestras_Cambio_2006-2016_V1_MF C:\REDD+_2019\4_REQUERIMIENTOS_V_REDD+\54_UNIR_SHP_4TEC_310120\1_MUESTRAS_CAMBIO_GT_EF_290620.shp "Id "Id" true true false 6 Long 0 6 ,First,#,V1_F1_F2_avance_2006_2016_guatemala_310120,Id,-1,-1,Muestras_Cambio_2006-2016_V1_MF,Id,-1,-1;CLAS_CAMBI "CLAS_CAMBI" true true false 5 Short 0 5 ,First,#,V1_F1_F2_avance_2006_2016_guatemala_310120,CLAS_CAMBI,-1,-1;OBSERVACIO "OBSERVACIO" true true false 200 Text 0 0 ,First,#,V1_F1_F2_avance_2006_2016_guatemala_310120,OBSERVACIO,-1,-1;RESPONSABL "RESPONSABL" true true false 50 Text 0 0 ,First,#,V1_F1_F2_avance_2006_2016_guatemala_310120,RESPONSABL,-1,-1;OBSERVA "OBSERVA" true true false 100 Text 0 0 ,First,#,V1_F1_F2_avance_2006_2016_guatemala_310120,OBSERVA,-1,-1;CATEGORIA "CATEGORIA" true true false 50 Text 0 0 ,First,#,V1_F1_F2_avance_2006_2016_guatemala_310120,CATEGORIA,-1,-1,Muestras_Cambio_2006-2016_V1_MF,Categoria,-1,-1;Fuente "Fuente" true true false 50 Text 0 0 ,First,#,V1_F1_F2_avance_2006_2016_guatemala_310120,Fuente,-1,-1;FID_Muestr "FID_Muestr" true true false 10 Long 0 10 ,First,#,Muestras_Cambio_2006-2016_V1_MF,FID_Muestr,-1,-1;FID_Mues_1 "FID_Mues_1" true true false 10 Long 0 10 ,First,#,Muestras_Cambio_2006-2016_V1_MF,FID_Mues_1,-1,-1;POINTID "POINTID" true true false 19 Double 0 0 ,First,#,Muestras_Cambio_2006-2016_V1_MF,POINTID,-1,-1;GRID_CODE "GRID_CODE" true true false 19 Double 0 0 ,First,#,Muestras_Cambio_2006-2016_V1_MF,GRID_CODE,-1,-1;BUFF_DIST "BUFF_DIST" true true false 19 Double 0 0 ,First,#,Muestras_Cambio_2006-2016_V1_MF,BUFF_DIST,-1,-1;X_COORD "X_COORD" true true false 19 Double 0 0 ,First,#,Muestras_Cambio_2006-2016_V1_MF,X_COORD,-1,-1;Y_COORD "Y_COORD" true true false 19 Double 0 0 ,First,#,Muestras_Cambio_2006-2016_V1_MF,Y_COORD,-1,-1;RESPONS "RESPONS" true true false 254 Text 0 0 ,First,#,Muestras_Cambio_2006-2016_V1_MF,RESPONS,-1,-1;CLASE "CLASE" true true false 19 Double 0 0 ,First,#,Muestras_Cambio_2006-2016_V1_MF,CLASE,-1,-1;OBS "OBS" true true false 254 Text 0 0 ,First,#,Muestras_Cambio_2006-2016_V1_MF,OBS,-1,-1;VALID "VALID" true true false 19 Double 0 0 ,First,#,Muestras_Cambio_2006-2016_V1_MF,VALID,-1,-1;Re_class "Re_class" true true false 10 Long 0 10 ,First,#,Muestras_Cambio_2006-2016_V1_MF,Re_class,-1,-1;FID_Indice "FID_Indice" true true false 10 Long 0 10 ,First,#,Muestras_Cambio_2006-2016_V1_MF,FID_Indice,-1,-1;Fecha "Fecha" true true false 8 Date 0 0 ,First,#,Muestras_Cambio_2006-2016_V1_MF,Fecha,-1,-1;T_Sensor "T_Sensor" true true false 50 Text 0 0 ,First,#,Muestras_Cambio_2006-2016_V1_MF,T_Sensor,-1,-1;Area "Area" true true false 25 Text 0 0 ,First,#,Muestras_Cambio_2006-2016_V1_MF,Area,-1,-1;Clase16 "Clase16" true true false 10 Long 0 10 ,First,#,Muestras_Cambio_2006-2016_V1_MF,Clase16,-1,-1;Id_cambio "Id_cambio" true true false 5 Short 0 5 ,First,#,Muestras_Cambio_2006-2016_V1_MF,Id_cambio,-1,-1;Tecnicos "Tecnicos" true true false 40 Text 0 0 ,First,#,Muestras_Cambio_2006-2016_V1_MF,Tecnicos,-1,-1"</Process><Process ToolSource="c:\program files (x86)\arcgis\desktop10.3\ArcToolbox\Toolboxes\Data Management Tools.tbx\CalculateField" Date="20200629" Time="095804">CalculateField 1_MUESTRAS_CAMBIO_GT_EF_290620 Fuente "Dinamica Cob. For. 2010-2016" VB #</Process><Process ToolSource="c:\program files (x86)\arcgis\desktop10.5\ArcToolbox\Toolboxes\Data Management Tools.tbx\CalculateField" Date="20200629" Time="134616">CalculateField Pts_Entrenamiento_GCS Dinámica "Bosque" VB #</Process><Process ToolSource="c:\program files (x86)\arcgis\desktop10.5\ArcToolbox\Toolboxes\Data Management Tools.tbx\CalculateField" Date="20200629" Time="134637">CalculateField Pts_Entrenamiento_GCS Dinámica "No Bosque" VB #</Process><Process ToolSource="c:\program files (x86)\arcgis\desktop10.5\ArcToolbox\Toolboxes\Data Management Tools.tbx\CalculateField" Date="20200629" Time="134659">CalculateField Pts_Entrenamiento_GCS Dinámica "Ganancia de Bosque" VB #</Process><Process ToolSource="c:\program files (x86)\arcgis\desktop10.5\ArcToolbox\Toolboxes\Data Management Tools.tbx\CalculateField" Date="20200629" Time="134721">CalculateField Pts_Entrenamiento_GCS Dinámica "Pérdida de Bosque" VB #</Process></lineage><itemProps><itemName Sync="TRUE">1_MUESTRAS_CAMBIO_GT_EF_290620</itemName><imsContentType Sync="TRUE">002</imsContentType><itemSize Sync="TRUE">0.000</itemSize><itemLocation><linkage Sync="TRUE">file://\\DESKTOP02\C$\REDD+_2019\4_REQUERIMIENTOS_V_REDD+\54_UNIR_SHP_4TEC_310120\1_MUESTRAS_CAMBIO_GT_EF_290620.shp</linkage><protocol Sync="TRUE">Local Area Network</protocol></itemLocation></itemProps><coordRef><type Sync="TRUE">Projected</type><geogcsn Sync="TRUE">GCS_WGS_1984</geogcsn><csUnits Sync="TRUE">Linear Unit: Meter (1.000000)</csUnits><projcsn Sync="TRUE">GTM</projcsn><peXml Sync="TRUE">&lt;ProjectedCoordinateSystem xsi:type='typens:ProjectedCoordinateSystem' xmlns:xsi='http://www.w3.org/2001/XMLSchema-instance' xmlns:xs='http://www.w3.org/2001/XMLSchema' xmlns:typens='http://www.esri.com/schemas/ArcGIS/10.3'&gt;&lt;WKT&gt;PROJCS[&amp;quot;GTM&amp;quot;,GEOGCS[&amp;quot;GCS_WGS_1984&amp;quot;,DATUM[&amp;quot;D_WGS_1984&amp;quot;,SPHEROID[&amp;quot;WGS_1984&amp;quot;,6378137.0,298.257223563]],PRIMEM[&amp;quot;Greenwich&amp;quot;,0.0],UNIT[&amp;quot;Degree&amp;quot;,0.0174532925199433]],PROJECTION[&amp;quot;Transverse_Mercator&amp;quot;],PARAMETER[&amp;quot;False_Easting&amp;quot;,500000.0],PARAMETER[&amp;quot;False_Northing&amp;quot;,0.0],PARAMETER[&amp;quot;Central_Meridian&amp;quot;,-90.5],PARAMETER[&amp;quot;Scale_Factor&amp;quot;,0.9998],PARAMETER[&amp;quot;Latitude_Of_Origin&amp;quot;,0.0],UNIT[&amp;quot;Meter&amp;quot;,1.0]]&lt;/WKT&gt;&lt;XOrigin&gt;-5122000&lt;/XOrigin&gt;&lt;YOrigin&gt;-10000100&lt;/YOrigin&gt;&lt;XYScale&gt;450355459.18245769&lt;/XYScale&gt;&lt;ZOrigin&gt;-100000&lt;/ZOrigin&gt;&lt;ZScale&gt;10000&lt;/ZScale&gt;&lt;MOrigin&gt;-100000&lt;/MOrigin&gt;&lt;MScale&gt;10000&lt;/MScale&gt;&lt;XYTolerance&gt;0.001&lt;/XYTolerance&gt;&lt;ZTolerance&gt;0.001&lt;/ZTolerance&gt;&lt;MTolerance&gt;0.001&lt;/MTolerance&gt;&lt;HighPrecision&gt;true&lt;/HighPrecision&gt;&lt;/ProjectedCoordinateSystem&gt;</peXml></coordRef></DataProperties><SyncDate>20200629</SyncDate><SyncTime>09535800</SyncTime><ModDate>20200629</ModDate><ModTime>09535800</ModTime></Esri><dataIdInfo><envirDesc Sync="TRUE"> Version 6.2 (Build 9200) ; Esri ArcGIS 10.3.0.4284</envirDesc><dataLang><languageCode value="spa" Sync="TRUE"></languageCode><countryCode value="GTM" Sync="TRUE"></countryCode></dataLang><idCitation><resTitle Sync="TRUE">1_MUESTRAS_CAMBIO_GT_EF_290620</resTitle><presForm><PresFormCd value="005" Sync="TRUE"></PresFormCd></presForm></idCitation><spatRpType><SpatRepTypCd value="001" Sync="TRUE"></SpatRepTypCd></spatRpType></dataIdInfo><mdLang><languageCode value="spa" Sync="TRUE"></languageCode><countryCode value="GTM" Sync="TRUE"></countryCode></mdLang><mdChar><CharSetCd value="004" Sync="TRUE"></CharSetCd></mdChar><distInfo><distFormat><formatName Sync="TRUE">Shapefile</formatName></distFormat><distTranOps><transSize Sync="TRUE">0.000</transSize></distTranOps></distInfo><mdHrLv><ScopeCd value="005" Sync="TRUE"></ScopeCd></mdHrLv><mdHrLvName Sync="TRUE">dataset</mdHrLvName><refSysInfo><RefSystem><refSysID><identCode code="0" Sync="TRUE"></identCode></refSysID></RefSystem></refSysInfo><spatRepInfo><VectSpatRep><geometObjs Name="1_MUESTRAS_CAMBIO_GT_EF_290620"><geoObjTyp><GeoObjTypCd value="004" Sync="TRUE"></GeoObjTypCd></geoObjTyp><geoObjCnt Sync="TRUE">0</geoObjCnt></geometObjs><topLvl><TopoLevCd value="001" Sync="TRUE"></TopoLevCd></topLvl></VectSpatRep></spatRepInfo><spdoinfo><ptvctinf><esriterm Name="1_MUESTRAS_CAMBIO_GT_EF_290620"><efeatyp Sync="TRUE">Simple</efeatyp><efeageom code="1" Sync="TRUE"></efeageom><esritopo Sync="TRUE">FALSE</esritopo><efeacnt Sync="TRUE">0</efeacnt><spindex Sync="TRUE">FALSE</spindex><linrefer Sync="TRUE">FALSE</linrefer></esriterm></ptvctinf></spdoinfo><eainfo><detailed Name="1_MUESTRAS_CAMBIO_GT_EF_290620"><enttyp><enttypl Sync="TRUE">1_MUESTRAS_CAMBIO_GT_EF_290620</enttypl><enttypt Sync="TRUE">Feature Class</enttypt><enttypc Sync="TRUE">0</enttypc></enttyp><attr><attrlabl Sync="TRUE">FID</attrlabl><attalias Sync="TRUE">FID</attalias><attrtype Sync="TRUE">OID</attrtype><attwidth Sync="TRUE">4</attwidth><atprecis Sync="TRUE">0</atprecis><attscale Sync="TRUE">0</attscale><attrdef Sync="TRUE">Internal feature number.</attrdef><attrdefs Sync="TRUE">Esri</attrdefs><attrdomv><udom Sync="TRUE">Sequential unique whole numbers that are automatically generated.</udom></attrdomv></attr><attr><attrlabl Sync="TRUE">Shape</attrlabl><attalias Sync="TRUE">Shape</attalias><attrtype Sync="TRUE">Geometry</attrtype><attwidth Sync="TRUE">0</attwidth><atprecis Sync="TRUE">0</atprecis><attscale Sync="TRUE">0</attscale><attrdef Sync="TRUE">Feature geometry.</attrdef><attrdefs Sync="TRUE">Esri</attrdefs><attrdomv><udom Sync="TRUE">Coordinates defining the features.</udom></attrdomv></attr><attr><attrlabl Sync="TRUE">Id</attrlabl><attalias Sync="TRUE">Id</attalias><attrtype Sync="TRUE">Integer</attrtype><attwidth Sync="TRUE">6</attwidth><atprecis Sync="TRUE">6</atprecis><attscale Sync="TRUE">0</attscale></attr><attr><attrlabl Sync="TRUE">CLAS_CAMBI</attrlabl><attalias Sync="TRUE">CLAS_CAMBI</attalias><attrtype Sync="TRUE">SmallInteger</attrtype><attwidth Sync="TRUE">5</attwidth><atprecis Sync="TRUE">5</atprecis><attscale Sync="TRUE">0</attscale></attr><attr><attrlabl Sync="TRUE">OBSERVACIO</attrlabl><attalias Sync="TRUE">OBSERVACIO</attalias><attrtype Sync="TRUE">String</attrtype><attwidth Sync="TRUE">200</attwidth><atprecis Sync="TRUE">0</atprecis><attscale Sync="TRUE">0</attscale></attr><attr><attrlabl Sync="TRUE">RESPONSABL</attrlabl><attalias Sync="TRUE">RESPONSABL</attalias><attrtype Sync="TRUE">String</attrtype><attwidth Sync="TRUE">50</attwidth><atprecis Sync="TRUE">0</atprecis><attscale Sync="TRUE">0</attscale></attr><attr><attrlabl Sync="TRUE">OBSERVA</attrlabl><attalias Sync="TRUE">OBSERVA</attalias><attrtype Sync="TRUE">String</attrtype><attwidth Sync="TRUE">100</attwidth><atprecis Sync="TRUE">0</atprecis><attscale Sync="TRUE">0</attscale></attr><attr><attrlabl Sync="TRUE">CATEGORIA</attrlabl><attalias Sync="TRUE">CATEGORIA</attalias><attrtype Sync="TRUE">String</attrtype><attwidth Sync="TRUE">50</attwidth><atprecis Sync="TRUE">0</atprecis><attscale Sync="TRUE">0</attscale></attr><attr><attrlabl Sync="TRUE">Fuente</attrlabl><attalias Sync="TRUE">Fuente</attalias><attrtype Sync="TRUE">String</attrtype><attwidth Sync="TRUE">50</attwidth><atprecis Sync="TRUE">0</atprecis><attscale Sync="TRUE">0</attscale></attr><attr><attrlabl Sync="TRUE">FID_Muestr</attrlabl><attalias Sync="TRUE">FID_Muestr</attalias><attrtype Sync="TRUE">Integer</attrtype><attwidth Sync="TRUE">10</attwidth><atprecis Sync="TRUE">10</atprecis><attscale Sync="TRUE">0</attscale></attr><attr><attrlabl Sync="TRUE">FID_Mues_1</attrlabl><attalias Sync="TRUE">FID_Mues_1</attalias><attrtype Sync="TRUE">Integer</attrtype><attwidth Sync="TRUE">10</attwidth><atprecis Sync="TRUE">10</atprecis><attscale Sync="TRUE">0</attscale></attr><attr><attrlabl Sync="TRUE">POINTID</attrlabl><attalias Sync="TRUE">POINTID</attalias><attrtype Sync="TRUE">Double</attrtype><attwidth Sync="TRUE">19</attwidth><atprecis Sync="TRUE">0</atprecis><attscale Sync="TRUE">0</attscale></attr><attr><attrlabl Sync="TRUE">GRID_CODE</attrlabl><attalias Sync="TRUE">GRID_CODE</attalias><attrtype Sync="TRUE">Double</attrtype><attwidth Sync="TRUE">19</attwidth><atprecis Sync="TRUE">0</atprecis><attscale Sync="TRUE">0</attscale></attr><attr><attrlabl Sync="TRUE">BUFF_DIST</attrlabl><attalias Sync="TRUE">BUFF_DIST</attalias><attrtype Sync="TRUE">Double</attrtype><attwidth Sync="TRUE">19</attwidth><atprecis Sync="TRUE">0</atprecis><attscale Sync="TRUE">0</attscale></attr><attr><attrlabl Sync="TRUE">X_COORD</attrlabl><attalias Sync="TRUE">X_COORD</attalias><attrtype Sync="TRUE">Double</attrtype><attwidth Sync="TRUE">19</attwidth><atprecis Sync="TRUE">0</atprecis><attscale Sync="TRUE">0</attscale></attr><attr><attrlabl Sync="TRUE">Y_COORD</attrlabl><attalias Sync="TRUE">Y_COORD</attalias><attrtype Sync="TRUE">Double</attrtype><attwidth Sync="TRUE">19</attwidth><atprecis Sync="TRUE">0</atprecis><attscale Sync="TRUE">0</attscale></attr><attr><attrlabl Sync="TRUE">RESPONS</attrlabl><attalias Sync="TRUE">RESPONS</attalias><attrtype Sync="TRUE">String</attrtype><attwidth Sync="TRUE">254</attwidth><atprecis Sync="TRUE">0</atprecis><attscale Sync="TRUE">0</attscale></attr><attr><attrlabl Sync="TRUE">CLASE</attrlabl><attalias Sync="TRUE">CLASE</attalias><attrtype Sync="TRUE">Double</attrtype><attwidth Sync="TRUE">19</attwidth><atprecis Sync="TRUE">0</atprecis><attscale Sync="TRUE">0</attscale></attr><attr><attrlabl Sync="TRUE">OBS</attrlabl><attalias Sync="TRUE">OBS</attalias><attrtype Sync="TRUE">String</attrtype><attwidth Sync="TRUE">254</attwidth><atprecis Sync="TRUE">0</atprecis><attscale Sync="TRUE">0</attscale></attr><attr><attrlabl Sync="TRUE">VALID</attrlabl><attalias Sync="TRUE">VALID</attalias><attrtype Sync="TRUE">Double</attrtype><attwidth Sync="TRUE">19</attwidth><atprecis Sync="TRUE">0</atprecis><attscale Sync="TRUE">0</attscale></attr><attr><attrlabl Sync="TRUE">Re_class</attrlabl><attalias Sync="TRUE">Re_class</attalias><attrtype Sync="TRUE">Integer</attrtype><attwidth Sync="TRUE">10</attwidth><atprecis Sync="TRUE">10</atprecis><attscale Sync="TRUE">0</attscale></attr><attr><attrlabl Sync="TRUE">FID_Indice</attrlabl><attalias Sync="TRUE">FID_Indice</attalias><attrtype Sync="TRUE">Integer</attrtype><attwidth Sync="TRUE">10</attwidth><atprecis Sync="TRUE">10</atprecis><attscale Sync="TRUE">0</attscale></attr><attr><attrlabl Sync="TRUE">Fecha</attrlabl><attalias Sync="TRUE">Fecha</attalias><attrtype Sync="TRUE">Date</attrtype><attwidth Sync="TRUE">8</attwidth><atprecis Sync="TRUE">0</atprecis><attscale Sync="TRUE">0</attscale></attr><attr><attrlabl Sync="TRUE">T_Sensor</attrlabl><attalias Sync="TRUE">T_Sensor</attalias><attrtype Sync="TRUE">String</attrtype><attwidth Sync="TRUE">50</attwidth><atprecis Sync="TRUE">0</atprecis><attscale Sync="TRUE">0</attscale></attr><attr><attrlabl Sync="TRUE">Area</attrlabl><attalias Sync="TRUE">Area</attalias><attrtype Sync="TRUE">String</attrtype><attwidth Sync="TRUE">25</attwidth><atprecis Sync="TRUE">0</atprecis><attscale Sync="TRUE">0</attscale></attr><attr><attrlabl Sync="TRUE">Clase16</attrlabl><attalias Sync="TRUE">Clase16</attalias><attrtype Sync="TRUE">Integer</attrtype><attwidth Sync="TRUE">10</attwidth><atprecis Sync="TRUE">10</atprecis><attscale Sync="TRUE">0</attscale></attr><attr><attrlabl Sync="TRUE">Id_cambio</attrlabl><attalias Sync="TRUE">Id_cambio</attalias><attrtype Sync="TRUE">SmallInteger</attrtype><attwidth Sync="TRUE">5</attwidth><atprecis Sync="TRUE">5</atprecis><attscale Sync="TRUE">0</attscale></attr><attr><attrlabl Sync="TRUE">Tecnicos</attrlabl><attalias Sync="TRUE">Tecnicos</attalias><attrtype Sync="TRUE">String</attrtype><attwidth Sync="TRUE">40</attwidth><atprecis Sync="TRUE">0</atprecis><attscale Sync="TRUE">0</attscale></attr></detailed></eainfo><mdDateSt Sync="TRUE">20200629</mdDateSt></metadata>
